"Timestamp","Team Name","Member 1","Member 2","Member 3","Member 4"
"2017/08/18 9:46:08 am GMT","Bat Wayne","Rwik Kamilya","Varun Bansal","Kashish Yuvraj Jain",""
"2017/08/18 9:58:25 am GMT","Niggachus","Adarsh Dwivedi","Rahul Ramanathan","Dhruv Sharma","Agnihotra Bhattacharya"
"2017/08/19 2:54:52 am GMT","Team Disha","Disha Parwani","Rishav Gupta","Vaibhav Bhat",""
"2017/08/22 3:18:33 am GMT","Classifieds","Sriyans Kapoor","Abhishek Mitra","Pavan Sasanka","Abhay Iyer"
"2017/08/22 7:28:10 am GMT","MH370 (Flight Tickets Booking)","Masoom Bhansali","Aman Savani","Pratyush Srivastava",""
"2017/08/22 12:07:39 pm GMT","The Sith Lords","Tushar Udayan Tiwari","Nidhesh P.","Raghav Gupta",""
"2017/08/29 3:32:46 am GMT","Heil Hitler","Sarthake Choudhary","Arif Raza","Rahul Ramanathan","Sanjana Gupta"
"2017/08/29 3:43:43 am GMT","A Team Has No Name","Sayani Sarkar","Samar Dikshit","Saloni Suchdev","Shubhankar Joshi"
"2017/08/29 6:24:29 am GMT","Archangels","Deepak R Shetty","Karthik Bhat","",""
"2017/08/29 4:05:36 pm GMT","Feud2.0","Vamshik Shetty","Pawan Kurada","Mel George ",""
"2017/09/02 9:53:18 am GMT","Team Sebanti","Sebanti Dasgupta","Varun Sai","Deepika Kanduri",""
"2017/09/02 10:28:59 am GMT","Tri-Catch","Kuber Nandwani","Satyajit Dutt","Shubham Wahal",""
"2017/09/02 10:42:07 am GMT","Captain Morgan's","Shubham Rateria","Suvigya Agrawal","Aishwarya Yadav",""
"2017/09/02 10:49:00 am GMT","One man army ","Pulkit Khandelwal","","",""
"2017/09/03 6:28:00 pm GMT","The Dark Light","Ronit Ghosh ","Vineet Pokharna ","Rashmi Bhat",""